Workbook

Sheet Tracker
A1: DABUR COUNTRY-ENTRY RESEARCH — SPRINT TRACKER (42 countries × 5 reports)
A2: Set each report cell to its status via the dropdown. Progress auto-updates. Reports per country: Macro first, then Hair · Oral · OTC Health · Skin.
A3: Batch | B3: Region | C3: Country | D3: Regional expert | E3: Owner | F3: Macro | G3: Hair | H3: Oral | I3: OTC Health | J3: Skin | K3: Progress | L3: Notes
A4: B1 | B4: SE Asia | C4: Malaysia | D4: Gap rule (generic + local-lang) | F4: Not started | G4: Not started | H4: Not started | I4: Not started | J4: Not started | K4: =COUNTIF(F4:J4,"Done")/5 -> 0
A5: B1 | B5: SE Asia | C5: Thailand | D5: Gap rule (generic + local-lang) | F5: Not started | G5: Not started | H5: Not started | I5: Not started | J5: Not started | K5: =COUNTIF(F5:J5,"Done")/5 -> 0
A6: B1 | B6: SE Asia | C6: Indonesia | D6: Gap rule (generic + local-lang) | F6: Not started | G6: Not started | H6: Not started | I6: Not started | J6: Not started | K6: =COUNTIF(F6:J6,"Done")/5 -> 0
A7: B1 | B7: SE Asia | C7: Philippines | D7: Gap rule (generic + local-lang) | F7: Not started | G7: Not started | H7: Not started | I7: Not started | J7: Not started | K7: =COUNTIF(F7:J7,"Done")/5 -> 0
A8: B2 | B8: Horn of Africa | C8: Ethiopia | D8: Africa insight (+Arabic: Sudan/Somalia) | F8: Not started | G8: Not started | H8: Not started | I8: Not started | J8: Not started | K8: =COUNTIF(F8:J8,"Done")/5 -> 0
A9: B2 | B9: Horn of Africa | C9: Somalia | D9: Africa insight (+Arabic: Sudan/Somalia) | F9: Not started | G9: Not started | H9: Not started | I9: Not started | J9: Not started | K9: =COUNTIF(F9:J9,"Done")/5 -> 0
A10: B2 | B10: Horn of Africa | C10: Sudan | D10: Africa insight (+Arabic: Sudan/Somalia) | F10: Not started | G10: Not started | H10: Not started | I10: Not started | J10: Not started | K10: =COUNTIF(F10:J10,"Done")/5 -> 0
A11: B3 | B11: Levant / Iraq | C11: Iraq | D11: Arabic + MENA insight | F11: Not started | G11: Not started | H11: Not started | I11: Not started | J11: Not started | K11: =COUNTIF(F11:J11,"Done")/5 -> 0
A12: B3 | B12: Levant / Iraq | C12: Jordan | D12: Arabic + MENA insight | F12: Not started | G12: Not started | H12: Not started | I12: Not started | J12: Not started | K12: =COUNTIF(F12:J12,"Done")/5 -> 0
A13: B3 | B13: Levant / Iraq | C13: Lebanon | D13: Arabic + MENA insight | F13: Not started | G13: Not started | H13: Not started | I13: Not started | J13: Not started | K13: =COUNTIF(F13:J13,"Done")/5 -> 0
A14: B3 | B14: Levant / Iraq | C14: Yemen | D14: Arabic + MENA insight | F14: Not started | G14: Not started | H14: Not started | I14: Not started | J14: Not started | K14: =COUNTIF(F14:J14,"Done")/5 -> 0
A15: B4 | B15: Maghreb | C15: Morocco | D15: Arabic + MENA insight (+French) | F15: Not started | G15: Not started | H15: Not started | I15: Not started | J15: Not started | K15: =COUNTIF(F15:J15,"Done")/5 -> 0
... A45: B9 | B45: GCC | C45: Bahrain | D45: Arabic + MENA insight | F45: Not started | G45: Not started | H45: Not started | I45: Not started | J45: Not started | K45: =COUNTIF(F45:J45,"Done")/5 -> 0
C46: TOTAL | F46: =COUNTIF(F4:F45,"Done")&"/"&42 -> 0/42 | G46: =COUNTIF(G4:G45,"Done")&"/"&42 -> 0/42 | H46: =COUNTIF(H4:H45,"Done")&"/"&42 -> 0/42 | I46: =COUNTIF(I4:I45,"Done")&"/"&42 -> 0/42 | J46: =COUNTIF(J4:J45,"Done")&"/"&42 -> 0/42 | K46: =AVERAGE(K4:K45) -> 0

Sheet Dashboard
A1: SPRINT DASHBOARD
A3: OVERALL
A4: Countries | B4: =COUNTA(Tracker!C4:C45) -> 42
A5: Total reports | B5: 210
A6: Reports Done | B6: =SUMPRODUCT(--(Tracker!F4:J45="Done")) -> 0
A7: Reports In progress | B7: =SUMPRODUCT(--(Tracker!F4:J45="In progress")) -> 0
A8: Reports In review | B8: =SUMPRODUCT(--(Tracker!F4:J45="In review")) -> 0
A9: Reports Blocked | B9: =SUMPRODUCT(--(Tracker!F4:J45="Blocked")) -> 0
A10: Reports Not started | B10: =SUMPRODUCT(--(Tracker!F4:J45="Not started")) -> 210
A11: Overall % complete | B11: =Tracker!K46 -> 0
A13: BY BATCH
A14: Batch | B14: Region | C14: Reports Done | D14: % complete
A15: B1 | B15: SE Asia | C15: =SUMPRODUCT((Tracker!$A$4:$A$45="B1")*(Tracker!F4:J45="Done")) -> 0 | D15: =C15/20 -> 0
A16: B2 | B16: Horn of Africa | C16: =SUMPRODUCT((Tracker!$A$4:$A$45="B2")*(Tracker!F4:J45="Done")) -> 0 | D16: =C16/15 -> 0
A17: B3 | B17: Levant / Iraq | C17: =SUMPRODUCT((Tracker!$A$4:$A$45="B3")*(Tracker!F4:J45="Done")) -> 0 | D17: =C17/20 -> 0
A18: B4 | B18: Maghreb | C18: =SUMPRODUCT((Tracker!$A$4:$A$45="B4")*(Tracker!F4:J45="Done")) -> 0 | D18: =C18/20 -> 0
A19: B5 | B19: Russia / CIS / Caucasus | C19: =SUMPRODUCT((Tracker!$A$4:$A$45="B5")*(Tracker!F4:J45="Done")) -> 0 | D19: =C19/35 -> 0
A20: B6 | B20: SSA - West | C20: =SUMPRODUCT((Tracker!$A$4:$A$45="B6")*(Tracker!F4:J45="Done")) -> 0 | D20: =C20/15 -> 0
A21: B7 | B21: SSA - East | C21: =SUMPRODUCT((Tracker!$A$4:$A$45="B7")*(Tracker!F4:J45="Done")) -> 0 | D21: =C21/20 -> 0
A22: B8 | B22: SSA - Southern | C22: =SUMPRODUCT((Tracker!$A$4:$A$45="B8")*(Tracker!F4:J45="Done")) -> 0 | D22: =C22/35 -> 0
A23: B9 | B23: GCC | C23: =SUMPRODUCT((Tracker!$A$4:$A$45="B9")*(Tracker!F4:J45="Done")) -> 0 | D23: =C23/30 -> 0
A25: By owner: use the Tracker Owner column + AutoFilter, or add a pivot on {Owner, status}.
